city,date_paris,hour_paris,timestamp_paris_wx,temp,humidity,pressure,wind_speed,wind_gust,clouds,weather_main,timestamp_paris_aq,aqi,pm25,pm10,no2,o3,alert_level,datetime
bordeaux,2026-05-21,20,2026-05-21T20:00:00+02:00,27.64,45,1022,2.63,3.99,1,clear,2026-05-21T20:00:00+02:00,25.0,,12.0,16.0,3.3,good,2026-05-21 20:00:00+02:00
bordeaux,2026-05-21,21,2026-05-21T21:00:00+02:00,27.21,41,1022,2.48,3.68,0,clear,2026-05-21T21:00:00+02:00,25.0,,12.0,16.0,3.3,good,2026-05-21 21:00:00+02:00
bordeaux,2026-05-22,0,2026-05-22T00:00:00+02:00,19.87,75,1023,2.1,2.88,2,clear,2026-05-22T00:00:00+02:00,50.0,,20.0,22.9,3.3,good,2026-05-22 00:00:00+02:00
bordeaux,2026-05-22,1,2026-05-22T01:00:00+02:00,19.46,77,1023,2.19,2.69,2,clear,2026-05-22T01:00:00+02:00,50.0,,16.0,29.3,3.3,good,2026-05-22 01:00:00+02:00
bordeaux,2026-05-22,19,2026-05-22T19:00:00+02:00,30.92,32,1022,3.32,4.43,6,clear,2026-05-22T19:00:00+02:00,25.0,,10.0,11.0,3.3,good,2026-05-22 19:00:00+02:00
bordeaux,2026-05-22,20,2026-05-22T20:00:00+02:00,31.21,33,1022,2.92,4.57,0,clear,2026-05-22T20:00:00+02:00,21.0,,10.0,13.3,3.3,good,2026-05-22 20:00:00+02:00
bordeaux,2026-05-22,21,2026-05-22T21:00:00+02:00,29.21,37,1022,2.69,4.31,0,clear,2026-05-22T21:00:00+02:00,21.0,,10.0,13.3,3.3,good,2026-05-22 21:00:00+02:00
bordeaux,2026-05-31,4,2026-05-31T04:00:00+02:00,18.17,93,1021,2.69,4.62,100,clouds,2026-05-31T04:00:00+02:00,17.0,,17.0,16.0,3.3,good,2026-05-31 04:00:00+02:00
bordeaux,2026-05-31,5,2026-05-31T05:00:00+02:00,18.01,93,1022,2.79,5.25,99,clouds,2026-05-31T05:00:00+02:00,12.0,,12.0,16.0,3.3,good,2026-05-31 05:00:00+02:00
bordeaux,2026-05-31,17,2026-05-31T17:00:00+02:00,24.21,53,1021,4.33,4.46,75,clouds,2026-05-31T17:00:00+02:00,13.0,,13.0,16.0,3.3,good,2026-05-31 17:00:00+02:00
bordeaux,2026-05-31,18,2026-05-31T18:00:00+02:00,24.25,42,1021,4.3,4.74,20,clouds,2026-05-31T18:00:00+02:00,17.0,,17.0,16.0,3.3,good,2026-05-31 18:00:00+02:00
bordeaux,2026-05-31,19,2026-05-31T19:00:00+02:00,24.18,43,1021,4.55,4.95,17,clouds,2026-05-31T19:00:00+02:00,17.0,,17.0,16.0,3.3,good,2026-05-31 19:00:00+02:00
bordeaux,2026-05-31,20,2026-05-31T20:00:00+02:00,23.21,49,1021,4.32,5.22,0,clear,2026-05-31T20:00:00+02:00,17.0,,17.0,16.0,3.3,good,2026-05-31 20:00:00+02:00
bordeaux,2026-06-01,20,2026-06-01T20:00:00+02:00,22.3,66,1015,3.98,4.49,80,clouds,2026-06-01T20:00:00+02:00,23.0,,15.0,3.2,22.8,good,2026-06-01 20:00:00+02:00
bordeaux,2026-06-01,21,2026-06-01T21:00:00+02:00,21.21,73,1015,3.58,5.42,0,clear,2026-06-01T21:00:00+02:00,23.0,,15.0,3.2,22.8,good,2026-06-01 21:00:00+02:00
bordeaux,2026-06-01,22,2026-06-01T22:00:00+02:00,20.21,77,1015,2.71,5.27,0,clear,2026-06-01T22:00:00+02:00,8.0,,8.0,16.0,3.3,good,2026-06-01 22:00:00+02:00
bordeaux,2026-06-01,23,2026-06-01T23:00:00+02:00,18.21,82,1016,2.34,4.04,0,clear,2026-06-01T23:00:00+02:00,8.0,46.0,8.0,16.0,3.3,good,2026-06-01 23:00:00+02:00
bordeaux,2026-06-02,19,2026-06-02T19:00:00+02:00,20.53,65,1018,6.74,9.6,54,clouds,2026-06-02T19:00:00+02:00,14.0,46.0,14.0,16.0,3.3,good,2026-06-02 19:00:00+02:00
bordeaux,2026-06-02,20,2026-06-02T20:00:00+02:00,19.11,71,1018,5.81,8.96,53,clouds,2026-06-02T20:00:00+02:00,14.0,46.0,14.0,16.0,3.3,good,2026-06-02 20:00:00+02:00
bordeaux,2026-06-03,0,2026-06-03T00:00:00+02:00,15.78,90,1019,3.05,8.15,22,clouds,2026-06-03T00:00:00+02:00,19.0,46.0,19.0,16.0,3.3,good,2026-06-03 00:00:00+02:00
bordeaux,2026-06-03,18,2026-06-03T18:00:00+02:00,21.33,74,1015,5.44,7.24,99,clouds,2026-06-03T18:00:00+02:00,17.0,17.0,25.0,9.2,3.3,good,2026-06-03 18:00:00+02:00
bordeaux,2026-06-03,19,2026-06-03T19:00:00+02:00,21.89,70,1015,4.5,7.21,99,clouds,2026-06-03T19:00:00+02:00,17.0,17.0,16.0,9.2,3.3,good,2026-06-03 19:00:00+02:00
bordeaux,2026-06-03,20,2026-06-03T20:00:00+02:00,20.22,76,1015,3.96,6.46,99,clouds,2026-06-03T20:00:00+02:00,34.0,34.0,21.0,9.2,3.3,good,2026-06-03 20:00:00+02:00
bordeaux,2026-06-03,21,2026-06-03T21:00:00+02:00,19.66,79,1015,3.36,8.27,100,clouds,2026-06-03T21:00:00+02:00,25.0,25.0,13.0,12.4,3.3,good,2026-06-03 21:00:00+02:00
bordeaux,2026-06-03,22,2026-06-03T22:00:00+02:00,18.55,82,1015,2.87,6.53,100,clouds,2026-06-03T22:00:00+02:00,20.0,17.0,20.0,9.6,3.3,good,2026-06-03 22:00:00+02:00
bordeaux,2026-06-03,23,2026-06-03T23:00:00+02:00,17.44,87,1015,3.38,7.85,100,clouds,2026-06-03T23:00:00+02:00,30.0,30.0,15.0,7.8,3.3,good,2026-06-03 23:00:00+02:00
bordeaux,2026-06-04,20,2026-06-04T20:00:00+02:00,19.66,62,1015,5.54,7.59,62,clouds,2026-06-04T20:00:00+02:00,38.0,38.0,23.0,7.8,3.3,good,2026-06-04 20:00:00+02:00
bordeaux,2026-06-04,21,2026-06-04T21:00:00+02:00,18.0,70,1015,4.73,7.99,0,clear,2026-06-04T21:00:00+02:00,46.0,46.0,22.0,5.5,3.3,good,2026-06-04 21:00:00+02:00
bordeaux,2026-06-04,22,2026-06-04T22:00:00+02:00,15.78,77,1016,3.85,8.14,0,clear,2026-06-04T22:00:00+02:00,34.0,34.0,17.0,5.1,3.3,good,2026-06-04 22:00:00+02:00
bordeaux,2026-06-04,23,2026-06-04T23:00:00+02:00,14.11,83,1017,3.0,7.66,1,clear,2026-06-04T23:00:00+02:00,34.0,34.0,13.0,6.4,3.3,good,2026-06-04 23:00:00+02:00
lille,2026-05-21,20,2026-05-21T20:00:00+02:00,20.84,59,1027,1.81,2.54,18,clouds,2026-05-21T20:00:00+02:00,38.0,,12.0,4.2,15.6,good,2026-05-21 20:00:00+02:00
lille,2026-05-21,21,2026-05-21T21:00:00+02:00,20.18,61,1026,2.58,4.02,0,clear,2026-05-21T21:00:00+02:00,38.0,,10.0,4.2,15.6,good,2026-05-21 21:00:00+02:00
lille,2026-05-22,0,2026-05-22T00:00:00+02:00,14.31,82,1027,2.54,3.77,9,clear,2026-05-22T00:00:00+02:00,55.0,,15.0,21.5,15.6,moderate,2026-05-22 00:00:00+02:00
lille,2026-05-22,1,2026-05-22T01:00:00+02:00,13.88,84,1027,2.74,4.72,9,clear,2026-05-22T01:00:00+02:00,50.0,,17.0,18.3,15.6,good,2026-05-22 01:00:00+02:00
lille,2026-05-22,19,2026-05-22T19:00:00+02:00,26.47,48,1026,2.39,2.38,1,clear,2026-05-22T19:00:00+02:00,34.0,,11.0,7.4,15.6,good,2026-05-22 19:00:00+02:00
lille,2026-05-22,20,2026-05-22T20:00:00+02:00,26.18,48,1026,2.37,3.73,0,clear,2026-05-22T20:00:00+02:00,42.0,,11.0,5.5,15.6,good,2026-05-22 20:00:00+02:00
lille,2026-05-22,21,2026-05-22T21:00:00+02:00,24.57,53,1026,2.65,3.53,0,clear,2026-05-22T21:00:00+02:00,42.0,,11.0,5.5,15.6,good,2026-05-22 21:00:00+02:00
lille,2026-05-31,4,2026-05-31T04:00:00+02:00,17.6,72,1014,3.49,8.77,20,clouds,2026-05-31T04:00:00+02:00,82.0,,32.0,5.1,15.6,moderate,2026-05-31 04:00:00+02:00
lille,2026-05-31,5,2026-05-31T05:00:00+02:00,16.73,76,1014,3.93,9.79,20,clouds,2026-05-31T05:00:00+02:00,76.0,,23.0,6.9,15.6,moderate,2026-05-31 05:00:00+02:00
lille,2026-05-31,17,2026-05-31T17:00:00+02:00,20.73,67,1016,7.29,9.14,75,clouds,2026-05-31T17:00:00+02:00,38.0,,14.0,5.5,15.6,good,2026-05-31 17:00:00+02:00
lille,2026-05-31,18,2026-05-31T18:00:00+02:00,20.41,68,1016,6.85,8.95,80,clouds,2026-05-31T18:00:00+02:00,21.0,,8.0,5.5,15.6,good,2026-05-31 18:00:00+02:00
lille,2026-05-31,19,2026-05-31T19:00:00+02:00,19.95,65,1016,5.76,7.67,80,clouds,2026-05-31T19:00:00+02:00,25.0,,6.0,5.5,15.6,good,2026-05-31 19:00:00+02:00
lille,2026-05-31,20,2026-05-31T20:00:00+02:00,19.74,66,1016,5.22,7.25,75,clouds,2026-05-31T20:00:00+02:00,25.0,,6.0,5.5,15.6,good,2026-05-31 20:00:00+02:00
lille,2026-06-01,20,2026-06-01T20:00:00+02:00,22.18,57,1012,2.63,4.64,19,clouds,2026-06-01T20:00:00+02:00,21.0,,9.0,8.3,15.6,good,2026-06-01 20:00:00+02:00
lille,2026-06-01,21,2026-06-01T21:00:00+02:00,21.9,56,1012,1.27,4.4,0,clear,2026-06-01T21:00:00+02:00,21.0,,9.0,8.3,15.6,good,2026-06-01 21:00:00+02:00
lille,2026-06-01,22,2026-06-01T22:00:00+02:00,20.88,61,1012,0.61,2.09,0,clear,2026-06-01T22:00:00+02:00,21.0,,12.0,6.4,15.6,good,2026-06-01 22:00:00+02:00
lille,2026-06-01,23,2026-06-01T23:00:00+02:00,18.77,71,1011,0.23,1.11,0,clear,2026-06-01T23:00:00+02:00,25.0,25.0,13.0,7.8,15.6,good,2026-06-01 23:00:00+02:00
lille,2026-06-02,19,2026-06-02T19:00:00+02:00,17.64,69,1005,7.37,11.02,84,clouds,2026-06-02T19:00:00+02:00,30.0,13.0,11.0,6.0,29.7,good,2026-06-02 19:00:00+02:00
lille,2026-06-02,20,2026-06-02T20:00:00+02:00,17.18,71,1005,6.86,11.18,82,clouds,2026-06-02T20:00:00+02:00,30.0,13.0,11.0,6.0,29.7,good,2026-06-02 20:00:00+02:00
lille,2026-06-03,0,2026-06-03T00:00:00+02:00,14.95,82,1007,5.82,12.52,32,clouds,2026-06-03T00:00:00+02:00,13.0,13.0,8.0,3.2,15.6,good,2026-06-03 00:00:00+02:00
lille,2026-06-03,18,2026-06-03T18:00:00+02:00,15.64,93,1004,8.0,15.23,100,rain,2026-06-03T18:00:00+02:00,13.0,13.0,5.0,6.0,15.6,good,2026-06-03 18:00:00+02:00
lille,2026-06-03,19,2026-06-03T19:00:00+02:00,16.2,93,1003,7.91,15.68,100,clouds,2026-06-03T19:00:00+02:00,21.0,9.0,5.0,6.4,20.8,good,2026-06-03 19:00:00+02:00
lille,2026-06-03,20,2026-06-03T20:00:00+02:00,16.19,92,1003,8.42,15.44,100,clouds,2026-06-03T20:00:00+02:00,21.0,9.0,5.0,6.4,20.8,good,2026-06-03 20:00:00+02:00
lille,2026-06-03,21,2026-06-03T21:00:00+02:00,15.09,89,1003,7.64,14.03,100,clouds,2026-06-03T21:00:00+02:00,17.0,17.0,5.0,4.2,20.8,good,2026-06-03 21:00:00+02:00
lille,2026-06-03,22,2026-06-03T22:00:00+02:00,14.66,89,1002,6.33,14.69,100,clouds,2026-06-03T22:00:00+02:00,21.0,21.0,6.0,4.2,15.6,good,2026-06-03 22:00:00+02:00
lille,2026-06-03,23,2026-06-03T23:00:00+02:00,14.53,91,1002,6.42,14.05,100,clouds,2026-06-03T23:00:00+02:00,9.0,9.0,8.0,5.5,15.6,good,2026-06-03 23:00:00+02:00
lille,2026-06-04,20,2026-06-04T20:00:00+02:00,16.49,70,1003,7.9,13.68,36,clouds,2026-06-04T20:00:00+02:00,13.0,13.0,11.0,4.2,15.6,good,2026-06-04 20:00:00+02:00
lille,2026-06-04,21,2026-06-04T21:00:00+02:00,15.51,76,1004,7.5,13.56,9,clear,2026-06-04T21:00:00+02:00,13.0,13.0,9.0,3.7,15.6,good,2026-06-04 21:00:00+02:00
lille,2026-06-04,22,2026-06-04T22:00:00+02:00,14.95,78,1004,6.84,13.25,14,clouds,2026-06-04T22:00:00+02:00,13.0,13.0,10.0,4.2,15.6,good,2026-06-04 22:00:00+02:00
lille,2026-06-04,23,2026-06-04T23:00:00+02:00,14.39,79,1005,6.54,12.56,26,clouds,2026-06-04T23:00:00+02:00,,13.0,10.0,2.3,15.6,,2026-06-04 23:00:00+02:00
lyon,2026-05-21,20,2026-05-21T20:00:00+02:00,23.3,52,1024,1.46,1.48,5,clear,2026-05-21T20:00:00+02:00,34.0,,34.0,28.0,,good,2026-05-21 20:00:00+02:00
lyon,2026-05-21,21,2026-05-21T21:00:00+02:00,21.25,61,1024,1.93,2.14,0,clear,2026-05-21T21:00:00+02:00,34.0,,34.0,28.0,,good,2026-05-21 21:00:00+02:00
lyon,2026-05-22,0,2026-05-22T00:00:00+02:00,16.59,79,1025,1.59,1.5,2,clear,2026-05-22T00:00:00+02:00,18.0,,18.0,8.6,,good,2026-05-22 00:00:00+02:00
lyon,2026-05-22,1,2026-05-22T01:00:00+02:00,15.39,82,1025,1.03,1.05,1,clear,2026-05-22T01:00:00+02:00,20.0,,20.0,10.6,,good,2026-05-22 01:00:00+02:00
lyon,2026-05-22,19,2026-05-22T19:00:00+02:00,27.52,42,1024,1.02,1.67,2,clear,2026-05-22T19:00:00+02:00,23.0,,23.0,13.7,,good,2026-05-22 19:00:00+02:00
lyon,2026-05-22,20,2026-05-22T20:00:00+02:00,27.02,43,1024,0.68,0.79,0,clear,2026-05-22T20:00:00+02:00,29.0,,29.0,20.1,,good,2026-05-22 20:00:00+02:00
lyon,2026-05-22,21,2026-05-22T21:00:00+02:00,24.15,46,1024,1.45,1.41,0,clear,2026-05-22T21:00:00+02:00,29.0,,29.0,20.1,,good,2026-05-22 21:00:00+02:00
lyon,2026-05-31,4,2026-05-31T04:00:00+02:00,18.82,77,1017,1.45,1.61,16,clouds,2026-05-31T04:00:00+02:00,40.0,,40.0,25.4,,good,2026-05-31 04:00:00+02:00
lyon,2026-05-31,5,2026-05-31T05:00:00+02:00,17.46,81,1018,1.37,1.23,11,clouds,2026-05-31T05:00:00+02:00,54.0,,20.0,9.1,21.4,moderate,2026-05-31 05:00:00+02:00
lyon,2026-05-31,17,2026-05-31T17:00:00+02:00,27.02,52,1018,5.99,6.32,75,clouds,2026-05-31T17:00:00+02:00,33.0,,33.0,7.4,,good,2026-05-31 17:00:00+02:00
lyon,2026-05-31,18,2026-05-31T18:00:00+02:00,24.96,57,1018,5.69,6.42,20,clouds,2026-05-31T18:00:00+02:00,29.0,,29.0,14.8,,good,2026-05-31 18:00:00+02:00
lyon,2026-05-31,19,2026-05-31T19:00:00+02:00,24.76,56,1018,5.12,6.5,34,clouds,2026-05-31T19:00:00+02:00,43.0,,16.0,1.4,21.4,good,2026-05-31 19:00:00+02:00
lyon,2026-05-31,20,2026-05-31T20:00:00+02:00,25.07,55,1018,3.7,6.87,0,clear,2026-05-31T20:00:00+02:00,43.0,,16.0,1.4,21.4,good,2026-05-31 20:00:00+02:00
lyon,2026-06-01,20,2026-06-01T20:00:00+02:00,25.18,39,1013,2.22,3.34,15,clouds,2026-06-01T20:00:00+02:00,7.0,7.0,,,34.9,good,2026-06-01 20:00:00+02:00
lyon,2026-06-01,21,2026-06-01T21:00:00+02:00,23.1,49,1013,1.33,1.34,0,clear,2026-06-01T21:00:00+02:00,7.0,7.0,,,34.9,good,2026-06-01 21:00:00+02:00
lyon,2026-06-01,22,2026-06-01T22:00:00+02:00,19.39,64,1014,1.09,1.12,0,clear,2026-06-01T22:00:00+02:00,21.0,,21.0,12.0,,good,2026-06-01 22:00:00+02:00
lyon,2026-06-01,23,2026-06-01T23:00:00+02:00,18.19,70,1014,0.75,0.64,0,clear,2026-06-01T23:00:00+02:00,21.0,,21.0,12.0,,good,2026-06-01 23:00:00+02:00
lyon,2026-06-02,19,2026-06-02T19:00:00+02:00,20.51,63,1011,2.4,5.54,87,rain,2026-06-02T19:00:00+02:00,20.0,,20.0,7.2,,good,2026-06-02 19:00:00+02:00
lyon,2026-06-02,20,2026-06-02T20:00:00+02:00,19.41,76,1011,1.37,3.95,87,clouds,2026-06-02T20:00:00+02:00,20.0,,20.0,7.2,,good,2026-06-02 20:00:00+02:00
lyon,2026-06-03,0,2026-06-03T00:00:00+02:00,14.04,93,1015,3.59,10.07,67,clouds,2026-06-03T00:00:00+02:00,17.0,,17.0,9.8,,good,2026-06-03 00:00:00+02:00
lyon,2026-06-03,18,2026-06-03T18:00:00+02:00,23.18,41,1013,1.24,3.48,97,clouds,2026-06-03T18:00:00+02:00,32.0,,32.0,16.0,,good,2026-06-03 18:00:00+02:00
lyon,2026-06-03,19,2026-06-03T19:00:00+02:00,23.09,41,1013,1.77,3.09,98,clouds,2026-06-03T19:00:00+02:00,21.0,,21.0,11.7,,good,2026-06-03 19:00:00+02:00
lyon,2026-06-03,20,2026-06-03T20:00:00+02:00,22.51,44,1013,1.95,1.84,94,clouds,2026-06-03T20:00:00+02:00,14.0,,14.0,16.7,,good,2026-06-03 20:00:00+02:00
lyon,2026-06-03,21,2026-06-03T21:00:00+02:00,20.45,64,1013,1.89,3.44,100,clouds,2026-06-03T21:00:00+02:00,20.0,,20.0,17.9,,good,2026-06-03 21:00:00+02:00
lyon,2026-06-03,22,2026-06-03T22:00:00+02:00,19.74,56,1013,1.92,2.75,100,clouds,2026-06-03T22:00:00+02:00,20.0,,20.0,8.4,,good,2026-06-03 22:00:00+02:00
lyon,2026-06-03,23,2026-06-03T23:00:00+02:00,19.15,62,1013,2.0,2.51,100,clouds,2026-06-03T23:00:00+02:00,15.0,,15.0,8.1,,good,2026-06-03 23:00:00+02:00
lyon,2026-06-04,20,2026-06-04T20:00:00+02:00,14.03,96,1012,3.04,6.53,100,rain,2026-06-04T20:00:00+02:00,19.0,,19.0,12.5,,good,2026-06-04 20:00:00+02:00
lyon,2026-06-04,21,2026-06-04T21:00:00+02:00,14.29,96,1013,2.6,5.97,100,clouds,2026-06-04T21:00:00+02:00,21.0,,21.0,10.1,,good,2026-06-04 21:00:00+02:00
lyon,2026-06-04,22,2026-06-04T22:00:00+02:00,14.59,95,1013,2.52,6.44,100,rain,2026-06-04T22:00:00+02:00,11.0,,11.0,9.0,,good,2026-06-04 22:00:00+02:00
lyon,2026-06-04,23,2026-06-04T23:00:00+02:00,13.96,95,1013,2.13,4.86,81,clouds,2026-06-04T23:00:00+02:00,18.0,,18.0,9.0,,good,2026-06-04 23:00:00+02:00
marseille,2026-05-21,20,2026-05-21T20:00:00+02:00,21.33,66,1024,1.98,1.82,8,clear,2026-05-21T20:00:00+02:00,1.0,,,4.8,,good,2026-05-21 20:00:00+02:00
marseille,2026-05-21,21,2026-05-21T21:00:00+02:00,20.92,70,1023,0.87,1.01,0,clear,2026-05-21T21:00:00+02:00,1.0,,,4.8,,good,2026-05-21 21:00:00+02:00
marseille,2026-05-22,0,2026-05-22T00:00:00+02:00,17.65,76,1024,1.21,1.13,1,clear,2026-05-22T00:00:00+02:00,1.0,,,7.0,,good,2026-05-22 00:00:00+02:00
marseille,2026-05-22,1,2026-05-22T01:00:00+02:00,17.1,77,1024,1.75,1.71,0,clear,2026-05-22T01:00:00+02:00,1.0,,,9.2,,good,2026-05-22 01:00:00+02:00
marseille,2026-05-22,19,2026-05-22T19:00:00+02:00,24.45,51,1025,2.31,2.3,0,clear,2026-05-22T19:00:00+02:00,39.0,,8.0,5.3,38.8,good,2026-05-22 19:00:00+02:00
marseille,2026-05-22,20,2026-05-22T20:00:00+02:00,23.15,51,1025,2.02,2.09,0,clear,2026-05-22T20:00:00+02:00,39.0,,9.0,5.4,38.9,good,2026-05-22 20:00:00+02:00
marseille,2026-05-22,21,2026-05-22T21:00:00+02:00,22.46,52,1024,1.4,1.66,1,clear,2026-05-22T21:00:00+02:00,39.0,,9.0,5.4,38.9,good,2026-05-22 21:00:00+02:00
marseille,2026-05-31,4,2026-05-31T04:00:00+02:00,22.03,68,1016,0.65,0.64,24,clouds,2026-05-31T04:00:00+02:00,1.0,,,13.0,,good,2026-05-31 04:00:00+02:00
marseille,2026-05-31,5,2026-05-31T05:00:00+02:00,20.08,77,1015,0.95,0.76,24,clouds,2026-05-31T05:00:00+02:00,1.0,,,11.1,,good,2026-05-31 05:00:00+02:00
marseille,2026-05-31,17,2026-05-31T17:00:00+02:00,29.81,51,1014,7.26,9.69,0,clear,2026-05-31T17:00:00+02:00,1.0,,,3.2,,good,2026-05-31 17:00:00+02:00
marseille,2026-05-31,18,2026-05-31T18:00:00+02:00,27.1,58,1014,7.56,10.14,6,clear,2026-05-31T18:00:00+02:00,53.0,,28.0,3.2,31.9,moderate,2026-05-31 18:00:00+02:00
marseille,2026-05-31,19,2026-05-31T19:00:00+02:00,27.69,59,1012,11.91,15.71,8,rain,2026-05-31T19:00:00+02:00,1.0,,,7.9,,good,2026-05-31 19:00:00+02:00
marseille,2026-05-31,20,2026-05-31T20:00:00+02:00,28.06,58,1012,5.39,8.68,0,clear,2026-05-31T20:00:00+02:00,1.0,,,7.9,,good,2026-05-31 20:00:00+02:00
marseille,2026-06-01,20,2026-06-01T20:00:00+02:00,25.76,52,1012,7.2,10.1,12,clouds,2026-06-01T20:00:00+02:00,1.0,,,5.2,,good,2026-06-01 20:00:00+02:00
marseille,2026-06-01,21,2026-06-01T21:00:00+02:00,25.37,51,1012,6.14,9.49,0,clear,2026-06-01T21:00:00+02:00,1.0,,,5.2,,good,2026-06-01 21:00:00+02:00
marseille,2026-06-01,22,2026-06-01T22:00:00+02:00,24.26,57,1013,4.99,8.25,0,clear,2026-06-01T22:00:00+02:00,1.0,,,5.3,,good,2026-06-01 22:00:00+02:00
marseille,2026-06-01,23,2026-06-01T23:00:00+02:00,23.14,63,1013,4.02,6.59,0,clear,2026-06-01T23:00:00+02:00,1.0,,,5.4,,good,2026-06-01 23:00:00+02:00
marseille,2026-06-02,19,2026-06-02T19:00:00+02:00,23.39,56,1011,7.42,10.72,100,clouds,2026-06-02T19:00:00+02:00,1.0,,,16.7,,good,2026-06-02 19:00:00+02:00
marseille,2026-06-02,20,2026-06-02T20:00:00+02:00,23.62,55,1011,6.75,9.43,100,rain,2026-06-02T20:00:00+02:00,1.0,,,16.7,,good,2026-06-02 20:00:00+02:00
marseille,2026-06-03,0,2026-06-03T00:00:00+02:00,20.83,54,1012,9.36,13.1,72,clouds,2026-06-03T00:00:00+02:00,1.0,,,4.8,,good,2026-06-03 00:00:00+02:00
marseille,2026-06-03,18,2026-06-03T18:00:00+02:00,26.48,34,1011,8.7,12.18,39,clouds,2026-06-03T18:00:00+02:00,1.0,,,13.0,,good,2026-06-03 18:00:00+02:00
marseille,2026-06-03,19,2026-06-03T19:00:00+02:00,25.87,37,1010,7.63,11.05,50,clouds,2026-06-03T19:00:00+02:00,1.0,,,13.0,,good,2026-06-03 19:00:00+02:00
marseille,2026-06-03,20,2026-06-03T20:00:00+02:00,25.43,37,1010,6.73,9.93,58,clouds,2026-06-03T20:00:00+02:00,1.0,,,6.6,,good,2026-06-03 20:00:00+02:00
marseille,2026-06-03,21,2026-06-03T21:00:00+02:00,24.25,40,1011,6.22,9.54,99,clouds,2026-06-03T21:00:00+02:00,1.0,,,10.5,,good,2026-06-03 21:00:00+02:00
marseille,2026-06-03,22,2026-06-03T22:00:00+02:00,23.68,41,1011,4.92,8.53,91,clouds,2026-06-03T22:00:00+02:00,1.0,,,13.0,,good,2026-06-03 22:00:00+02:00
marseille,2026-06-03,23,2026-06-03T23:00:00+02:00,22.62,42,1012,5.32,9.7,94,clouds,2026-06-03T23:00:00+02:00,1.0,,,10.0,,good,2026-06-03 23:00:00+02:00
marseille,2026-06-04,20,2026-06-04T20:00:00+02:00,17.02,79,1010,13.36,17.74,100,clouds,2026-06-04T20:00:00+02:00,1.0,,,14.1,,good,2026-06-04 20:00:00+02:00
marseille,2026-06-04,21,2026-06-04T21:00:00+02:00,17.01,77,1010,10.57,16.14,100,rain,2026-06-04T21:00:00+02:00,1.0,,,5.1,,good,2026-06-04 21:00:00+02:00
marseille,2026-06-04,22,2026-06-04T22:00:00+02:00,16.97,78,1009,9.29,14.08,100,rain,2026-06-04T22:00:00+02:00,1.0,,,5.0,,good,2026-06-04 22:00:00+02:00
marseille,2026-06-04,23,2026-06-04T23:00:00+02:00,15.98,83,1011,8.7,15.3,100,rain,2026-06-04T23:00:00+02:00,23.0,16.0,11.0,5.2,22.5,good,2026-06-04 23:00:00+02:00
montpellier,2026-05-21,20,2026-05-21T20:00:00+02:00,20.38,80,1024,3.14,4.61,3,clear,2026-05-21T20:00:00+02:00,38.0,,21.0,4.2,35.9,good,2026-05-21 20:00:00+02:00
montpellier,2026-05-21,21,2026-05-21T21:00:00+02:00,18.69,82,1024,2.47,2.93,0,clear,2026-05-21T21:00:00+02:00,38.0,,21.0,4.2,35.9,good,2026-05-21 21:00:00+02:00
montpellier,2026-05-22,0,2026-05-22T00:00:00+02:00,16.91,85,1025,1.98,2.05,1,clear,2026-05-22T00:00:00+02:00,48.0,,21.0,5.0,30.3,good,2026-05-22 00:00:00+02:00
montpellier,2026-05-22,1,2026-05-22T01:00:00+02:00,16.78,92,1025,1.37,1.41,1,clear,2026-05-22T01:00:00+02:00,45.0,,18.0,6.8,24.8,good,2026-05-22 01:00:00+02:00
montpellier,2026-05-22,19,2026-05-22T19:00:00+02:00,22.16,70,1024,3.74,4.12,0,clear,2026-05-22T19:00:00+02:00,40.0,,14.0,3.5,39.7,good,2026-05-22 19:00:00+02:00
montpellier,2026-05-22,20,2026-05-22T20:00:00+02:00,21.69,83,1024,3.14,4.16,0,clear,2026-05-22T20:00:00+02:00,37.0,,13.0,3.9,37.2,good,2026-05-22 20:00:00+02:00
montpellier,2026-05-22,21,2026-05-22T21:00:00+02:00,20.69,78,1024,3.28,3.7,0,clear,2026-05-22T21:00:00+02:00,26.0,,13.0,3.9,37.2,good,2026-05-22 21:00:00+02:00
montpellier,2026-05-31,4,2026-05-31T04:00:00+02:00,20.79,80,1016,2.25,3.27,3,clear,2026-05-31T04:00:00+02:00,48.0,,19.0,4.8,33.9,good,2026-05-31 04:00:00+02:00
montpellier,2026-05-31,5,2026-05-31T05:00:00+02:00,20.53,80,1016,1.42,1.94,3,clear,2026-05-31T05:00:00+02:00,48.0,,19.0,4.8,33.9,good,2026-05-31 05:00:00+02:00
montpellier,2026-05-31,17,2026-05-31T17:00:00+02:00,30.81,46,1014,8.2,8.31,0,clear,2026-05-31T17:00:00+02:00,44.0,,20.0,1.6,34.4,good,2026-05-31 17:00:00+02:00
montpellier,2026-05-31,18,2026-05-31T18:00:00+02:00,29.48,46,1014,6.63,8.42,15,clouds,2026-05-31T18:00:00+02:00,42.0,,15.0,1.6,35.5,good,2026-05-31 18:00:00+02:00
montpellier,2026-05-31,19,2026-05-31T19:00:00+02:00,27.84,49,1015,4.06,6.5,16,clouds,2026-05-31T19:00:00+02:00,38.0,,15.0,1.6,35.5,good,2026-05-31 19:00:00+02:00
montpellier,2026-05-31,20,2026-05-31T20:00:00+02:00,28.03,53,1015,1.4,3.61,0,clear,2026-05-31T20:00:00+02:00,38.0,,15.0,1.6,35.5,good,2026-05-31 20:00:00+02:00
montpellier,2026-06-01,20,2026-06-01T20:00:00+02:00,23.96,63,1011,5.21,8.75,7,clear,2026-06-01T20:00:00+02:00,32.0,,19.0,4.8,31.6,good,2026-06-01 20:00:00+02:00
montpellier,2026-06-01,21,2026-06-01T21:00:00+02:00,23.69,64,1011,3.68,6.84,0,clear,2026-06-01T21:00:00+02:00,32.0,,19.0,4.8,31.6,good,2026-06-01 21:00:00+02:00
montpellier,2026-06-01,22,2026-06-01T22:00:00+02:00,24.69,61,1012,2.34,6.94,0,clear,2026-06-01T22:00:00+02:00,31.0,,18.0,5.4,31.2,good,2026-06-01 22:00:00+02:00
montpellier,2026-06-01,23,2026-06-01T23:00:00+02:00,23.69,60,1013,3.31,4.74,0,clear,2026-06-01T23:00:00+02:00,31.0,30.0,15.0,4.3,30.9,good,2026-06-01 23:00:00+02:00
montpellier,2026-06-02,19,2026-06-02T19:00:00+02:00,23.01,55,1013,7.45,11.45,100,clouds,2026-06-02T19:00:00+02:00,22.0,14.0,13.0,1.9,21.6,good,2026-06-02 19:00:00+02:00
montpellier,2026-06-02,20,2026-06-02T20:00:00+02:00,22.48,57,1013,6.06,11.25,100,clouds,2026-06-02T20:00:00+02:00,25.0,13.0,10.0,2.1,24.8,good,2026-06-02 20:00:00+02:00
montpellier,2026-06-03,0,2026-06-03T00:00:00+02:00,20.26,56,1015,7.94,13.18,49,clouds,2026-06-03T00:00:00+02:00,32.0,21.0,8.0,2.3,31.8,good,2026-06-03 00:00:00+02:00
montpellier,2026-06-03,18,2026-06-03T18:00:00+02:00,26.92,39,1012,6.52,8.55,40,clouds,2026-06-03T18:00:00+02:00,29.0,9.0,6.0,1.3,29.2,good,2026-06-03 18:00:00+02:00
montpellier,2026-06-03,19,2026-06-03T19:00:00+02:00,26.37,41,1012,6.13,8.46,51,clouds,2026-06-03T19:00:00+02:00,30.0,9.0,6.0,1.5,29.6,good,2026-06-03 19:00:00+02:00
montpellier,2026-06-03,20,2026-06-03T20:00:00+02:00,24.7,46,1012,6.86,10.09,60,clouds,2026-06-03T20:00:00+02:00,30.0,9.0,6.0,1.8,29.6,good,2026-06-03 20:00:00+02:00
montpellier,2026-06-03,21,2026-06-03T21:00:00+02:00,23.03,50,1012,6.39,10.92,100,clouds,2026-06-03T21:00:00+02:00,29.0,10.0,7.0,2.3,29.0,good,2026-06-03 21:00:00+02:00
montpellier,2026-06-03,22,2026-06-03T22:00:00+02:00,21.37,53,1013,4.81,8.76,100,clouds,2026-06-03T22:00:00+02:00,27.0,9.0,5.0,2.7,27.3,good,2026-06-03 22:00:00+02:00
montpellier,2026-06-03,23,2026-06-03T23:00:00+02:00,20.81,56,1014,3.88,6.52,100,clouds,2026-06-03T23:00:00+02:00,26.0,10.0,7.0,2.6,26.1,good,2026-06-03 23:00:00+02:00
montpellier,2026-06-04,20,2026-06-04T20:00:00+02:00,15.26,95,1013,4.46,6.65,100,rain,2026-06-04T20:00:00+02:00,22.0,9.0,11.0,5.1,22.1,good,2026-06-04 20:00:00+02:00
montpellier,2026-06-04,21,2026-06-04T21:00:00+02:00,15.26,95,1014,2.97,4.24,100,clouds,2026-06-04T21:00:00+02:00,19.0,10.0,5.0,6.4,18.9,good,2026-06-04 21:00:00+02:00
montpellier,2026-06-04,22,2026-06-04T22:00:00+02:00,15.26,96,1014,0.67,1.69,100,clouds,2026-06-04T22:00:00+02:00,19.0,9.0,5.0,4.3,18.8,good,2026-06-04 22:00:00+02:00
montpellier,2026-06-04,23,2026-06-04T23:00:00+02:00,14.7,96,1015,1.97,3.66,96,clouds,2026-06-04T23:00:00+02:00,18.0,8.0,4.0,3.4,17.5,good,2026-06-04 23:00:00+02:00
nantes,2026-05-21,20,2026-05-21T20:00:00+02:00,25.69,46,1023,2.12,2.25,3,clear,2026-05-21T20:00:00+02:00,43.0,,14.0,2.0,42.9,good,2026-05-21 20:00:00+02:00
nantes,2026-05-21,21,2026-05-21T21:00:00+02:00,26.06,44,1023,2.22,2.14,0,clear,2026-05-21T21:00:00+02:00,41.0,,14.0,2.0,41.3,good,2026-05-21 21:00:00+02:00
nantes,2026-05-22,0,2026-05-22T00:00:00+02:00,17.04,77,1023,2.42,2.45,4,clear,2026-05-22T00:00:00+02:00,37.0,,17.0,8.3,19.8,good,2026-05-22 00:00:00+02:00
nantes,2026-05-22,1,2026-05-22T01:00:00+02:00,17.73,73,1024,3.05,3.02,7,clear,2026-05-22T01:00:00+02:00,37.0,,16.0,4.7,20.9,good,2026-05-22 01:00:00+02:00
nantes,2026-05-22,19,2026-05-22T19:00:00+02:00,30.66,39,1023,3.58,5.31,1,clear,2026-05-22T19:00:00+02:00,42.0,,13.0,2.5,42.1,good,2026-05-22 19:00:00+02:00
nantes,2026-05-22,20,2026-05-22T20:00:00+02:00,31.06,37,1023,2.79,4.49,0,clear,2026-05-22T20:00:00+02:00,41.0,,14.0,3.1,41.2,good,2026-05-22 20:00:00+02:00
nantes,2026-05-22,21,2026-05-22T21:00:00+02:00,27.06,50,1023,3.16,3.26,0,clear,2026-05-22T21:00:00+02:00,41.0,,14.0,3.1,41.2,good,2026-05-22 21:00:00+02:00
nantes,2026-05-31,4,2026-05-31T04:00:00+02:00,16.54,65,1021,2.72,5.39,100,clouds,2026-05-31T04:00:00+02:00,30.0,,9.0,1.2,30.4,good,2026-05-31 04:00:00+02:00
nantes,2026-05-31,5,2026-05-31T05:00:00+02:00,15.67,68,1021,2.97,5.89,52,clouds,2026-05-31T05:00:00+02:00,28.0,,8.0,1.2,28.4,good,2026-05-31 05:00:00+02:00
nantes,2026-05-31,17,2026-05-31T17:00:00+02:00,22.06,68,1021,6.53,7.15,75,clouds,2026-05-31T17:00:00+02:00,24.0,,5.0,0.5,24.2,good,2026-05-31 17:00:00+02:00
nantes,2026-05-31,18,2026-05-31T18:00:00+02:00,22.08,62,1020,6.33,6.85,66,clouds,2026-05-31T18:00:00+02:00,24.0,,4.0,0.6,24.3,good,2026-05-31 18:00:00+02:00
nantes,2026-05-31,19,2026-05-31T19:00:00+02:00,21.07,62,1021,6.22,6.6,21,clouds,2026-05-31T19:00:00+02:00,26.0,,4.0,0.6,25.7,good,2026-05-31 19:00:00+02:00
nantes,2026-05-31,20,2026-05-31T20:00:00+02:00,21.06,64,1021,5.49,6.52,20,clouds,2026-05-31T20:00:00+02:00,26.0,,4.0,0.8,25.7,good,2026-05-31 20:00:00+02:00
nantes,2026-06-01,20,2026-06-01T20:00:00+02:00,19.15,71,1015,5.4,6.65,72,clouds,2026-06-01T20:00:00+02:00,25.0,,6.0,0.9,25.1,good,2026-06-01 20:00:00+02:00
nantes,2026-06-01,21,2026-06-01T21:00:00+02:00,19.06,77,1015,4.47,6.94,75,clouds,2026-06-01T21:00:00+02:00,25.0,,5.0,0.9,25.1,good,2026-06-01 21:00:00+02:00
nantes,2026-06-01,22,2026-06-01T22:00:00+02:00,19.06,72,1014,3.11,5.78,0,clear,2026-06-01T22:00:00+02:00,24.0,,5.0,0.9,24.4,good,2026-06-01 22:00:00+02:00
nantes,2026-06-01,23,2026-06-01T23:00:00+02:00,18.06,82,1014,3.48,9.01,75,clouds,2026-06-01T23:00:00+02:00,22.0,12.0,5.0,1.4,22.4,good,2026-06-01 23:00:00+02:00
nantes,2026-06-02,19,2026-06-02T19:00:00+02:00,19.31,67,1014,8.98,11.47,55,clouds,2026-06-02T19:00:00+02:00,30.0,18.0,10.0,1.0,30.0,good,2026-06-02 19:00:00+02:00
nantes,2026-06-02,20,2026-06-02T20:00:00+02:00,18.99,71,1014,7.97,11.07,55,clouds,2026-06-02T20:00:00+02:00,30.0,19.0,9.0,0.9,30.0,good,2026-06-02 20:00:00+02:00
nantes,2026-06-03,0,2026-06-03T00:00:00+02:00,15.66,86,1016,5.28,8.92,54,clouds,2026-06-03T00:00:00+02:00,30.0,17.0,8.0,1.0,29.6,good,2026-06-03 00:00:00+02:00
nantes,2026-06-03,18,2026-06-03T18:00:00+02:00,17.88,95,1010,7.88,12.93,100,clouds,2026-06-03T18:00:00+02:00,14.0,6.0,3.0,1.4,13.7,good,2026-06-03 18:00:00+02:00
nantes,2026-06-03,19,2026-06-03T19:00:00+02:00,17.32,92,1010,8.53,13.16,100,clouds,2026-06-03T19:00:00+02:00,14.0,11.0,6.0,1.4,13.7,good,2026-06-03 19:00:00+02:00
nantes,2026-06-03,20,2026-06-03T20:00:00+02:00,17.32,89,1010,7.97,12.97,100,clouds,2026-06-03T20:00:00+02:00,15.0,12.0,5.0,1.4,14.9,good,2026-06-03 20:00:00+02:00
nantes,2026-06-03,21,2026-06-03T21:00:00+02:00,16.77,89,1010,7.1,12.57,100,clouds,2026-06-03T21:00:00+02:00,26.0,26.0,11.0,1.4,19.2,good,2026-06-03 21:00:00+02:00
nantes,2026-06-03,22,2026-06-03T22:00:00+02:00,16.21,88,1009,6.94,12.49,100,clouds,2026-06-03T22:00:00+02:00,31.0,31.0,13.0,1.5,20.6,good,2026-06-03 22:00:00+02:00
nantes,2026-06-03,23,2026-06-03T23:00:00+02:00,16.21,90,1009,6.85,13.1,100,clouds,2026-06-03T23:00:00+02:00,31.0,31.0,13.0,1.6,21.1,good,2026-06-03 23:00:00+02:00
nantes,2026-06-04,20,2026-06-04T20:00:00+02:00,16.77,63,1011,7.87,10.86,17,clouds,2026-06-04T20:00:00+02:00,35.0,30.0,13.0,0.8,34.6,good,2026-06-04 20:00:00+02:00
nantes,2026-06-04,21,2026-06-04T21:00:00+02:00,15.66,69,1012,6.82,10.5,4,clear,2026-06-04T21:00:00+02:00,37.0,37.0,16.0,0.9,34.6,good,2026-06-04 21:00:00+02:00
nantes,2026-06-04,22,2026-06-04T22:00:00+02:00,14.54,75,1012,5.68,11.23,2,clear,2026-06-04T22:00:00+02:00,37.0,37.0,17.0,1.0,35.8,good,2026-06-04 22:00:00+02:00
nantes,2026-06-04,23,2026-06-04T23:00:00+02:00,13.43,80,1013,5.33,9.64,30,clouds,2026-06-04T23:00:00+02:00,38.0,38.0,17.0,1.2,34.9,good,2026-06-04 23:00:00+02:00
nice,2026-05-21,20,2026-05-21T20:00:00+02:00,21.22,75,1024,1.7,1.93,20,clouds,2026-05-21T20:00:00+02:00,26.0,,10.0,30.6,12.9,good,2026-05-21 20:00:00+02:00
nice,2026-05-21,21,2026-05-21T21:00:00+02:00,20.4,77,1024,1.42,1.2,0,clear,2026-05-21T21:00:00+02:00,26.0,,10.0,30.6,12.9,good,2026-05-21 21:00:00+02:00
nice,2026-05-22,0,2026-05-22T00:00:00+02:00,19.32,66,1024,1.84,2.07,5,clear,2026-05-22T00:00:00+02:00,40.0,,15.0,15.3,16.7,good,2026-05-22 00:00:00+02:00
nice,2026-05-22,1,2026-05-22T01:00:00+02:00,19.23,66,1025,1.96,2.12,4,clear,2026-05-22T01:00:00+02:00,33.0,,13.0,8.4,23.4,good,2026-05-22 01:00:00+02:00
nice,2026-05-22,19,2026-05-22T19:00:00+02:00,22.68,71,1024,1.68,1.56,1,clear,2026-05-22T19:00:00+02:00,30.0,,12.0,18.7,29.9,good,2026-05-22 19:00:00+02:00
nice,2026-05-22,20,2026-05-22T20:00:00+02:00,21.74,70,1024,1.35,1.49,0,clear,2026-05-22T20:00:00+02:00,27.0,,8.0,19.8,26.5,good,2026-05-22 20:00:00+02:00
nice,2026-05-22,21,2026-05-22T21:00:00+02:00,21.28,75,1024,1.32,1.16,0,clear,2026-05-22T21:00:00+02:00,27.0,,8.0,19.8,26.5,good,2026-05-22 21:00:00+02:00
nice,2026-05-31,4,2026-05-31T04:00:00+02:00,21.69,73,1015,1.96,2.43,20,clouds,2026-05-31T04:00:00+02:00,51.0,,17.0,4.7,32.6,moderate,2026-05-31 04:00:00+02:00
nice,2026-05-31,5,2026-05-31T05:00:00+02:00,20.98,74,1016,1.96,1.92,20,clouds,2026-05-31T05:00:00+02:00,51.0,,17.0,4.9,27.3,moderate,2026-05-31 05:00:00+02:00
nice,2026-05-31,17,2026-05-31T17:00:00+02:00,25.92,71,1015,1.94,1.77,12,rain,2026-05-31T17:00:00+02:00,53.0,,18.0,2.4,52.6,moderate,2026-05-31 17:00:00+02:00
nice,2026-05-31,18,2026-05-31T18:00:00+02:00,24.93,74,1014,1.57,3.4,67,rain,2026-05-31T18:00:00+02:00,50.0,,18.0,8.0,45.5,good,2026-05-31 18:00:00+02:00
nice,2026-05-31,19,2026-05-31T19:00:00+02:00,23.96,81,1014,4.23,6.42,70,rain,2026-05-31T19:00:00+02:00,52.0,,19.0,13.5,40.4,moderate,2026-05-31 19:00:00+02:00
nice,2026-05-31,20,2026-05-31T20:00:00+02:00,24.2,81,1014,3.14,4.54,75,clouds,2026-05-31T20:00:00+02:00,52.0,,19.0,13.5,40.4,moderate,2026-05-31 20:00:00+02:00
nice,2026-06-01,20,2026-06-01T20:00:00+02:00,23.9,82,1013,1.98,1.9,32,clouds,2026-06-01T20:00:00+02:00,62.0,,25.0,6.4,36.3,moderate,2026-06-01 20:00:00+02:00
nice,2026-06-01,21,2026-06-01T21:00:00+02:00,23.59,83,1013,1.44,1.7,20,clouds,2026-06-01T21:00:00+02:00,62.0,,25.0,6.4,36.3,moderate,2026-06-01 21:00:00+02:00
nice,2026-06-01,22,2026-06-01T22:00:00+02:00,22.96,87,1013,0.82,0.9,40,clouds,2026-06-01T22:00:00+02:00,61.0,,27.0,5.0,35.3,moderate,2026-06-01 22:00:00+02:00
nice,2026-06-01,23,2026-06-01T23:00:00+02:00,22.82,88,1014,0.67,0.72,75,clouds,2026-06-01T23:00:00+02:00,56.0,56.0,23.0,2.2,37.9,moderate,2026-06-01 23:00:00+02:00
nice,2026-06-02,19,2026-06-02T19:00:00+02:00,20.99,95,1008,1.03,1.32,100,clouds,2026-06-02T19:00:00+02:00,30.0,30.0,14.0,18.2,14.3,good,2026-06-02 19:00:00+02:00
nice,2026-06-02,20,2026-06-02T20:00:00+02:00,24.34,95,1009,1.0,1.65,100,clouds,2026-06-02T20:00:00+02:00,30.0,30.0,14.0,18.2,14.3,good,2026-06-02 20:00:00+02:00
nice,2026-06-03,0,2026-06-03T00:00:00+02:00,18.54,89,1007,3.74,5.07,78,clouds,2026-06-03T00:00:00+02:00,36.0,36.0,14.0,10.8,8.0,good,2026-06-03 00:00:00+02:00
nice,2026-06-03,18,2026-06-03T18:00:00+02:00,26.66,55,1009,2.18,1.91,47,clouds,2026-06-03T18:00:00+02:00,23.0,14.0,9.0,16.0,23.4,good,2026-06-03 18:00:00+02:00
nice,2026-06-03,19,2026-06-03T19:00:00+02:00,25.73,50,1009,2.01,2.18,58,clouds,2026-06-03T19:00:00+02:00,23.0,14.0,9.0,16.0,23.4,good,2026-06-03 19:00:00+02:00
nice,2026-06-03,20,2026-06-03T20:00:00+02:00,24.62,55,1010,1.4,1.69,65,clouds,2026-06-03T20:00:00+02:00,35.0,13.0,8.0,4.2,34.5,good,2026-06-03 20:00:00+02:00
nice,2026-06-03,21,2026-06-03T21:00:00+02:00,22.21,62,1009,1.43,1.57,73,clouds,2026-06-03T21:00:00+02:00,33.0,15.0,8.0,6.7,32.5,good,2026-06-03 21:00:00+02:00
nice,2026-06-03,22,2026-06-03T22:00:00+02:00,21.47,61,1010,1.57,1.81,84,clouds,2026-06-03T22:00:00+02:00,29.0,18.0,9.0,11.2,28.9,good,2026-06-03 22:00:00+02:00
nice,2026-06-03,23,2026-06-03T23:00:00+02:00,21.32,55,1011,1.94,2.09,89,clouds,2026-06-03T23:00:00+02:00,25.0,17.0,9.0,10.7,24.9,good,2026-06-03 23:00:00+02:00
nice,2026-06-04,20,2026-06-04T20:00:00+02:00,22.03,78,1009,3.71,5.72,100,clouds,2026-06-04T20:00:00+02:00,35.0,29.0,12.0,4.2,35.0,good,2026-06-04 20:00:00+02:00
nice,2026-06-04,21,2026-06-04T21:00:00+02:00,20.92,86,1009,3.42,5.25,100,rain,2026-06-04T21:00:00+02:00,34.0,30.0,12.0,5.0,33.9,good,2026-06-04 21:00:00+02:00
nice,2026-06-04,22,2026-06-04T22:00:00+02:00,19.81,91,1009,3.74,5.44,100,clouds,2026-06-04T22:00:00+02:00,34.0,24.0,10.0,4.4,34.4,good,2026-06-04 22:00:00+02:00
nice,2026-06-04,23,2026-06-04T23:00:00+02:00,19.81,93,1009,4.15,5.09,100,clouds,2026-06-04T23:00:00+02:00,32.0,32.0,11.0,10.2,20.9,good,2026-06-04 23:00:00+02:00
paris,2026-05-21,20,2026-05-21T20:00:00+02:00,22.4,56,1026,3.05,3.18,2,clear,2026-05-21T20:00:00+02:00,54.0,,15.0,24.1,41.6,moderate,2026-05-21 20:00:00+02:00
paris,2026-05-21,21,2026-05-21T21:00:00+02:00,21.81,59,1026,2.47,5.93,0,clear,2026-05-21T21:00:00+02:00,54.0,,15.0,24.1,41.6,moderate,2026-05-21 21:00:00+02:00
paris,2026-05-22,0,2026-05-22T00:00:00+02:00,16.32,80,1026,1.71,3.81,11,clouds,2026-05-22T00:00:00+02:00,45.0,,10.0,28.1,30.2,good,2026-05-22 00:00:00+02:00
paris,2026-05-22,1,2026-05-22T01:00:00+02:00,14.75,87,1026,1.64,3.73,10,clear,2026-05-22T01:00:00+02:00,45.0,,10.0,28.1,30.2,good,2026-05-22 01:00:00+02:00
paris,2026-05-22,19,2026-05-22T19:00:00+02:00,27.71,41,1025,3.09,2.02,15,clouds,2026-05-22T19:00:00+02:00,54.0,,10.0,23.4,53.5,moderate,2026-05-22 19:00:00+02:00
paris,2026-05-22,20,2026-05-22T20:00:00+02:00,26.85,46,1025,2.79,3.98,0,clear,2026-05-22T20:00:00+02:00,54.0,,10.0,23.4,53.5,moderate,2026-05-22 20:00:00+02:00
paris,2026-05-22,21,2026-05-22T21:00:00+02:00,25.44,49,1025,2.34,5.89,0,clear,2026-05-22T21:00:00+02:00,53.0,,10.0,32.7,53.3,moderate,2026-05-22 21:00:00+02:00
paris,2026-05-31,4,2026-05-31T04:00:00+02:00,17.9,64,1017,2.23,6.84,20,rain,2026-05-31T04:00:00+02:00,168.0,,24.0,10.2,33.8,unhealthy,2026-05-31 04:00:00+02:00
paris,2026-05-31,5,2026-05-31T05:00:00+02:00,17.19,62,1017,2.43,7.14,20,rain,2026-05-31T05:00:00+02:00,63.0,,30.0,7.3,38.5,moderate,2026-05-31 05:00:00+02:00
paris,2026-05-31,17,2026-05-31T17:00:00+02:00,21.27,56,1019,3.87,5.84,75,rain,2026-05-31T17:00:00+02:00,35.0,,14.0,6.8,34.6,good,2026-05-31 17:00:00+02:00
paris,2026-05-31,18,2026-05-31T18:00:00+02:00,21.36,57,1018,3.88,6.73,80,rain,2026-05-31T18:00:00+02:00,32.0,,8.0,5.6,30.5,good,2026-05-31 18:00:00+02:00
paris,2026-05-31,19,2026-05-31T19:00:00+02:00,21.79,59,1018,3.45,6.92,80,rain,2026-05-31T19:00:00+02:00,35.0,,8.0,8.1,28.6,good,2026-05-31 19:00:00+02:00
paris,2026-05-31,20,2026-05-31T20:00:00+02:00,21.0,57,1019,3.1,7.09,75,clouds,2026-05-31T20:00:00+02:00,35.0,,8.0,8.1,28.6,good,2026-05-31 20:00:00+02:00
paris,2026-06-01,20,2026-06-01T20:00:00+02:00,23.91,51,1013,2.53,3.75,12,clouds,2026-06-01T20:00:00+02:00,39.0,,9.0,13.6,36.6,good,2026-06-01 20:00:00+02:00
paris,2026-06-01,21,2026-06-01T21:00:00+02:00,23.93,51,1013,2.16,4.43,0,clear,2026-06-01T21:00:00+02:00,39.0,,9.0,13.6,36.6,good,2026-06-01 21:00:00+02:00
paris,2026-06-01,22,2026-06-01T22:00:00+02:00,22.98,55,1012,2.09,4.77,0,clear,2026-06-01T22:00:00+02:00,35.0,,7.0,9.3,35.3,good,2026-06-01 22:00:00+02:00
paris,2026-06-01,23,2026-06-01T23:00:00+02:00,21.48,62,1012,1.89,5.3,0,clear,2026-06-01T23:00:00+02:00,34.0,33.0,8.0,9.5,34.2,good,2026-06-01 23:00:00+02:00
paris,2026-06-02,19,2026-06-02T19:00:00+02:00,18.9,76,1009,5.15,10.59,42,rain,2026-06-02T19:00:00+02:00,23.0,24.0,6.0,4.6,22.9,good,2026-06-02 19:00:00+02:00
paris,2026-06-02,20,2026-06-02T20:00:00+02:00,18.26,77,1009,4.96,10.53,41,clouds,2026-06-02T20:00:00+02:00,23.0,24.0,6.0,4.6,22.9,good,2026-06-02 20:00:00+02:00
paris,2026-06-03,0,2026-06-03T00:00:00+02:00,15.42,81,1012,3.65,9.65,14,clouds,2026-06-03T00:00:00+02:00,25.0,30.0,8.0,5.7,25.4,good,2026-06-03 00:00:00+02:00
paris,2026-06-03,18,2026-06-03T18:00:00+02:00,18.83,77,1009,6.66,14.04,100,clouds,2026-06-03T18:00:00+02:00,25.0,19.0,15.0,12.5,24.7,good,2026-06-03 18:00:00+02:00
paris,2026-06-03,19,2026-06-03T19:00:00+02:00,18.97,77,1008,6.48,13.27,100,clouds,2026-06-03T19:00:00+02:00,30.0,30.0,15.0,12.7,25.1,good,2026-06-03 19:00:00+02:00
paris,2026-06-03,20,2026-06-03T20:00:00+02:00,18.43,79,1008,6.79,15.04,100,clouds,2026-06-03T20:00:00+02:00,43.0,43.0,19.0,12.5,24.9,good,2026-06-03 20:00:00+02:00
paris,2026-06-03,21,2026-06-03T21:00:00+02:00,17.43,90,1007,6.69,14.36,100,clouds,2026-06-03T21:00:00+02:00,30.0,30.0,15.0,10.9,25.1,good,2026-06-03 21:00:00+02:00
paris,2026-06-03,22,2026-06-03T22:00:00+02:00,17.29,92,1007,6.2,14.54,100,clouds,2026-06-03T22:00:00+02:00,43.0,43.0,11.0,12.0,23.6,good,2026-06-03 22:00:00+02:00
paris,2026-06-03,23,2026-06-03T23:00:00+02:00,17.15,91,1007,5.77,12.73,100,clouds,2026-06-03T23:00:00+02:00,34.0,34.0,10.0,11.2,22.5,good,2026-06-03 23:00:00+02:00
paris,2026-06-04,20,2026-06-04T20:00:00+02:00,17.53,74,1007,5.27,9.17,67,clouds,2026-06-04T20:00:00+02:00,33.0,33.0,15.0,9.5,29.6,good,2026-06-04 20:00:00+02:00
paris,2026-06-04,21,2026-06-04T21:00:00+02:00,16.11,73,1008,4.68,8.96,6,clear,2026-06-04T21:00:00+02:00,30.0,30.0,12.0,4.3,27.0,good,2026-06-04 21:00:00+02:00
paris,2026-06-04,22,2026-06-04T22:00:00+02:00,15.97,74,1009,4.32,9.0,41,clouds,2026-06-04T22:00:00+02:00,33.0,33.0,5.0,9.6,26.2,good,2026-06-04 22:00:00+02:00
paris,2026-06-04,23,2026-06-04T23:00:00+02:00,15.6,77,1010,4.18,9.2,52,clouds,2026-06-04T23:00:00+02:00,25.0,26.0,4.0,10.1,24.5,good,2026-06-04 23:00:00+02:00
strasbourg,2026-05-21,20,2026-05-21T20:00:00+02:00,22.82,44,1027,3.01,5.79,18,clouds,2026-05-21T20:00:00+02:00,16.0,,8.0,1.9,,good,2026-05-21 20:00:00+02:00
strasbourg,2026-05-21,21,2026-05-21T21:00:00+02:00,22.02,43,1027,2.43,3.81,0,clear,2026-05-21T21:00:00+02:00,16.0,,8.0,2.5,,good,2026-05-21 21:00:00+02:00
strasbourg,2026-05-22,0,2026-05-22T00:00:00+02:00,15.11,73,1027,1.22,1.36,13,clouds,2026-05-22T00:00:00+02:00,26.0,,13.0,5.7,,good,2026-05-22 00:00:00+02:00
strasbourg,2026-05-22,1,2026-05-22T01:00:00+02:00,14.17,76,1027,0.75,0.94,11,clouds,2026-05-22T01:00:00+02:00,27.0,,11.0,9.1,,good,2026-05-22 01:00:00+02:00
strasbourg,2026-05-22,19,2026-05-22T19:00:00+02:00,26.97,42,1025,3.1,5.01,3,clear,2026-05-22T19:00:00+02:00,22.0,,14.0,2.8,,good,2026-05-22 19:00:00+02:00
strasbourg,2026-05-22,20,2026-05-22T20:00:00+02:00,24.93,59,1025,3.0,5.8,15,clouds,2026-05-22T20:00:00+02:00,22.0,,14.0,2.8,,good,2026-05-22 20:00:00+02:00
strasbourg,2026-05-22,21,2026-05-22T21:00:00+02:00,25.04,41,1025,2.3,3.92,0,clear,2026-05-22T21:00:00+02:00,21.0,,11.0,2.8,,good,2026-05-22 21:00:00+02:00
strasbourg,2026-05-31,4,2026-05-31T04:00:00+02:00,18.73,76,1015,2.64,4.56,8,clear,2026-05-31T04:00:00+02:00,53.0,,24.0,6.0,,moderate,2026-05-31 04:00:00+02:00
strasbourg,2026-05-31,5,2026-05-31T05:00:00+02:00,17.05,78,1015,2.58,4.42,9,clear,2026-05-31T05:00:00+02:00,57.0,,26.0,7.7,,moderate,2026-05-31 05:00:00+02:00
strasbourg,2026-05-31,17,2026-05-31T17:00:00+02:00,21.04,83,1015,6.75,8.39,75,rain,2026-05-31T17:00:00+02:00,52.0,,25.0,7.0,,moderate,2026-05-31 17:00:00+02:00
strasbourg,2026-05-31,18,2026-05-31T18:00:00+02:00,22.02,82,1015,7.43,9.23,20,rain,2026-05-31T18:00:00+02:00,39.0,,15.0,7.3,,good,2026-05-31 18:00:00+02:00
strasbourg,2026-05-31,19,2026-05-31T19:00:00+02:00,21.87,79,1016,5.96,9.45,20,clouds,2026-05-31T19:00:00+02:00,41.0,,17.0,7.2,,good,2026-05-31 19:00:00+02:00
strasbourg,2026-05-31,20,2026-05-31T20:00:00+02:00,22.0,64,1015,4.15,8.2,0,clear,2026-05-31T20:00:00+02:00,41.0,,17.0,7.2,,good,2026-05-31 20:00:00+02:00
strasbourg,2026-06-01,20,2026-06-01T20:00:00+02:00,23.93,47,1014,1.82,2.5,19,clouds,2026-06-01T20:00:00+02:00,21.0,,10.0,2.5,,good,2026-06-01 20:00:00+02:00
strasbourg,2026-06-01,21,2026-06-01T21:00:00+02:00,23.04,49,1014,1.71,2.69,0,clear,2026-06-01T21:00:00+02:00,22.0,,10.0,3.0,,good,2026-06-01 21:00:00+02:00
strasbourg,2026-06-01,22,2026-06-01T22:00:00+02:00,20.05,64,1014,1.46,1.8,0,clear,2026-06-01T22:00:00+02:00,22.0,,11.0,3.3,,good,2026-06-01 22:00:00+02:00
strasbourg,2026-06-01,23,2026-06-01T23:00:00+02:00,18.03,72,1014,1.41,1.75,0,clear,2026-06-01T23:00:00+02:00,25.0,25.0,13.0,7.0,,good,2026-06-01 23:00:00+02:00
strasbourg,2026-06-02,19,2026-06-02T19:00:00+02:00,17.75,84,1009,2.49,5.58,87,rain,2026-06-02T19:00:00+02:00,23.0,23.0,8.0,8.4,,good,2026-06-02 19:00:00+02:00
strasbourg,2026-06-02,20,2026-06-02T20:00:00+02:00,17.76,83,1009,4.05,7.96,87,clouds,2026-06-02T20:00:00+02:00,15.0,15.0,7.0,6.5,,good,2026-06-02 20:00:00+02:00
strasbourg,2026-06-03,0,2026-06-03T00:00:00+02:00,15.44,90,1011,2.86,4.74,89,clouds,2026-06-03T00:00:00+02:00,11.0,11.0,5.0,6.2,,good,2026-06-03 00:00:00+02:00
strasbourg,2026-06-03,18,2026-06-03T18:00:00+02:00,21.63,56,1012,3.84,6.9,89,clouds,2026-06-03T18:00:00+02:00,8.0,8.0,6.0,4.1,,good,2026-06-03 18:00:00+02:00
strasbourg,2026-06-03,19,2026-06-03T19:00:00+02:00,21.07,55,1012,4.11,7.58,83,clouds,2026-06-03T19:00:00+02:00,9.0,9.0,6.0,4.1,,good,2026-06-03 19:00:00+02:00
strasbourg,2026-06-03,20,2026-06-03T20:00:00+02:00,20.99,55,1011,3.72,7.57,85,clouds,2026-06-03T20:00:00+02:00,9.0,9.0,6.0,2.6,,good,2026-06-03 20:00:00+02:00
strasbourg,2026-06-03,21,2026-06-03T21:00:00+02:00,19.09,62,1011,3.09,5.55,81,clouds,2026-06-03T21:00:00+02:00,8.0,8.0,4.0,2.6,,good,2026-06-03 21:00:00+02:00
strasbourg,2026-06-03,22,2026-06-03T22:00:00+02:00,18.52,64,1011,3.69,8.33,90,clouds,2026-06-03T22:00:00+02:00,8.0,8.0,4.0,7.0,,good,2026-06-03 22:00:00+02:00
strasbourg,2026-06-03,23,2026-06-03T23:00:00+02:00,18.21,65,1011,4.38,8.8,94,clouds,2026-06-03T23:00:00+02:00,9.0,9.0,6.0,7.2,,good,2026-06-03 23:00:00+02:00
strasbourg,2026-06-04,20,2026-06-04T20:00:00+02:00,15.43,80,1009,4.84,8.94,100,clouds,2026-06-04T20:00:00+02:00,8.0,8.0,5.0,3.5,,good,2026-06-04 20:00:00+02:00
strasbourg,2026-06-04,21,2026-06-04T21:00:00+02:00,15.43,82,1010,4.85,9.08,100,rain,2026-06-04T21:00:00+02:00,9.0,9.0,4.0,4.8,,good,2026-06-04 21:00:00+02:00
strasbourg,2026-06-04,22,2026-06-04T22:00:00+02:00,15.76,78,1010,4.92,9.16,100,clouds,2026-06-04T22:00:00+02:00,10.0,10.0,5.0,5.3,,good,2026-06-04 22:00:00+02:00
strasbourg,2026-06-04,23,2026-06-04T23:00:00+02:00,15.76,79,1010,4.65,8.6,100,rain,2026-06-04T23:00:00+02:00,10.0,10.0,5.0,3.8,,good,2026-06-04 23:00:00+02:00
toulouse,2026-05-21,20,2026-05-21T20:00:00+02:00,27.62,42,1023,1.53,1.86,1,clear,2026-05-21T20:00:00+02:00,44.0,,10.0,1.7,44.0,good,2026-05-21 20:00:00+02:00
toulouse,2026-05-21,21,2026-05-21T21:00:00+02:00,26.97,41,1023,1.04,1.03,0,clear,2026-05-21T21:00:00+02:00,44.0,,10.0,1.7,44.0,good,2026-05-21 21:00:00+02:00
toulouse,2026-05-22,0,2026-05-22T00:00:00+02:00,20.73,60,1024,2.8,4.22,0,clear,2026-05-22T00:00:00+02:00,31.0,,12.0,9.8,26.1,good,2026-05-22 00:00:00+02:00
toulouse,2026-05-22,1,2026-05-22T01:00:00+02:00,19.74,63,1024,2.95,4.5,0,clear,2026-05-22T01:00:00+02:00,27.0,,12.0,5.7,27.1,good,2026-05-22 01:00:00+02:00
toulouse,2026-05-22,19,2026-05-22T19:00:00+02:00,29.44,33,1022,2.56,3.03,18,clouds,2026-05-22T19:00:00+02:00,43.0,,10.0,1.1,43.1,good,2026-05-22 19:00:00+02:00
toulouse,2026-05-22,20,2026-05-22T20:00:00+02:00,29.97,26,1023,2.41,4.07,0,clear,2026-05-22T20:00:00+02:00,43.0,,7.0,1.4,43.3,good,2026-05-22 20:00:00+02:00
toulouse,2026-05-22,21,2026-05-22T21:00:00+02:00,28.97,32,1023,3.7,7.31,0,clear,2026-05-22T21:00:00+02:00,15.0,,7.0,1.4,43.3,good,2026-05-22 21:00:00+02:00
toulouse,2026-05-31,4,2026-05-31T04:00:00+02:00,18.35,83,1023,3.97,7.77,98,clouds,2026-05-31T04:00:00+02:00,36.0,,11.0,0.9,26.3,good,2026-05-31 04:00:00+02:00
toulouse,2026-05-31,5,2026-05-31T05:00:00+02:00,18.2,83,1023,4.12,8.3,98,clouds,2026-05-31T05:00:00+02:00,36.0,,11.0,0.9,26.3,good,2026-05-31 05:00:00+02:00
toulouse,2026-05-31,17,2026-05-31T17:00:00+02:00,20.97,73,1021,4.14,5.18,75,clouds,2026-05-31T17:00:00+02:00,28.0,,5.0,0.5,28.2,good,2026-05-31 17:00:00+02:00
toulouse,2026-05-31,18,2026-05-31T18:00:00+02:00,20.35,75,1020,4.09,6.14,100,clouds,2026-05-31T18:00:00+02:00,27.0,,8.0,0.7,26.8,good,2026-05-31 18:00:00+02:00
toulouse,2026-05-31,19,2026-05-31T19:00:00+02:00,20.42,72,1020,2.65,5.02,100,clouds,2026-05-31T19:00:00+02:00,27.0,,8.0,0.7,26.8,good,2026-05-31 19:00:00+02:00
toulouse,2026-05-31,20,2026-05-31T20:00:00+02:00,19.97,77,1021,2.54,3.96,100,clouds,2026-05-31T20:00:00+02:00,27.0,,8.0,0.7,26.8,good,2026-05-31 20:00:00+02:00
toulouse,2026-06-01,20,2026-06-01T20:00:00+02:00,25.04,51,1014,2.67,3.66,20,clouds,2026-06-01T20:00:00+02:00,33.0,,11.0,1.3,33.2,good,2026-06-01 20:00:00+02:00
toulouse,2026-06-01,21,2026-06-01T21:00:00+02:00,23.97,53,1014,2.86,3.85,0,clear,2026-06-01T21:00:00+02:00,33.0,,11.0,1.3,33.2,good,2026-06-01 21:00:00+02:00
toulouse,2026-06-01,22,2026-06-01T22:00:00+02:00,22.97,56,1015,3.22,5.61,0,clear,2026-06-01T22:00:00+02:00,31.0,,9.0,1.7,31.0,good,2026-06-01 22:00:00+02:00
toulouse,2026-06-01,23,2026-06-01T23:00:00+02:00,21.97,60,1015,2.13,2.43,0,clear,2026-06-01T23:00:00+02:00,24.0,24.0,12.0,2.6,28.5,good,2026-06-01 23:00:00+02:00
toulouse,2026-06-02,19,2026-06-02T19:00:00+02:00,21.52,59,1017,7.9,10.65,100,clouds,2026-06-02T19:00:00+02:00,27.0,20.0,12.0,1.1,27.0,good,2026-06-02 19:00:00+02:00
toulouse,2026-06-02,20,2026-06-02T20:00:00+02:00,21.42,64,1017,8.01,10.7,100,clouds,2026-06-02T20:00:00+02:00,29.0,25.0,13.0,1.1,28.7,good,2026-06-02 20:00:00+02:00
toulouse,2026-06-03,0,2026-06-03T00:00:00+02:00,15.87,73,1020,5.91,11.84,1,clear,2026-06-03T00:00:00+02:00,30.0,20.0,13.0,0.7,30.3,good,2026-06-03 00:00:00+02:00
toulouse,2026-06-03,18,2026-06-03T18:00:00+02:00,25.31,49,1015,4.74,5.99,6,clear,2026-06-03T18:00:00+02:00,33.0,11.0,8.0,0.6,32.7,good,2026-06-03 18:00:00+02:00
toulouse,2026-06-03,19,2026-06-03T19:00:00+02:00,25.31,53,1015,4.58,6.19,25,clouds,2026-06-03T19:00:00+02:00,33.0,11.0,8.0,0.8,33.3,good,2026-06-03 19:00:00+02:00
toulouse,2026-06-03,20,2026-06-03T20:00:00+02:00,24.2,57,1015,3.2,5.53,33,clouds,2026-06-03T20:00:00+02:00,34.0,10.0,8.0,1.0,33.8,good,2026-06-03 20:00:00+02:00
toulouse,2026-06-03,21,2026-06-03T21:00:00+02:00,21.98,64,1015,2.1,4.0,100,clouds,2026-06-03T21:00:00+02:00,33.0,10.0,6.0,1.1,32.7,good,2026-06-03 21:00:00+02:00
toulouse,2026-06-03,22,2026-06-03T22:00:00+02:00,20.87,68,1015,2.08,2.83,100,clouds,2026-06-03T22:00:00+02:00,30.0,10.0,5.0,1.1,30.3,good,2026-06-03 22:00:00+02:00
toulouse,2026-06-03,23,2026-06-03T23:00:00+02:00,18.09,72,1016,2.67,4.9,100,clouds,2026-06-03T23:00:00+02:00,28.0,12.0,7.0,1.6,28.2,good,2026-06-03 23:00:00+02:00
toulouse,2026-06-04,20,2026-06-04T20:00:00+02:00,15.31,90,1016,3.93,9.12,100,clouds,2026-06-04T20:00:00+02:00,14.0,11.0,6.0,5.3,14.3,good,2026-06-04 20:00:00+02:00
toulouse,2026-06-04,21,2026-06-04T21:00:00+02:00,14.2,91,1016,4.87,9.7,100,clouds,2026-06-04T21:00:00+02:00,19.0,15.0,8.0,2.7,18.6,good,2026-06-04 21:00:00+02:00
toulouse,2026-06-04,22,2026-06-04T22:00:00+02:00,13.64,91,1015,5.57,10.64,100,clouds,2026-06-04T22:00:00+02:00,18.0,11.0,10.0,2.3,18.0,good,2026-06-04 22:00:00+02:00
toulouse,2026-06-04,23,2026-06-04T23:00:00+02:00,13.64,91,1016,5.63,10.81,100,clouds,2026-06-04T23:00:00+02:00,19.0,16.0,9.0,1.9,19.2,good,2026-06-04 23:00:00+02:00
